{"zeros":[{"real":0.3,"img":0.1375},{"real":0.5125,"img":0.36875},{"real":0.575,"img":-0.26875}],"poles":[]}