{"zeros":[{"real":0.38125,"img":0.26875},{"real":0.3875,"img":-0.30625},{"real":-0.4375,"img":0.425}],"poles":[]}